CREATE DATABASE  IF NOT EXISTS `jnu_tong` /*!40100 DEFAULT CHARACTER SET utf8 */;
USE `jnu_tong`;
-- MySQL dump 10.13  Distrib 5.7.17, for Win64 (x86_64)
--
-- Host: 127.0.0.1    Database: jnu_tong
-- ------------------------------------------------------
-- Server version	5.5.5-10.1.21-MariaDB

/*!40101 SET @OLD_CHARACTER_SET_CLIENT=@@CHARACTER_SET_CLIENT */;
/*!40101 SET @OLD_CHARACTER_SET_RESULTS=@@CHARACTER_SET_RESULTS */;
/*!40101 SET @OLD_COLLATION_CONNECTION=@@COLLATION_CONNECTION */;
/*!40101 SET NAMES utf8 */;
/*!40103 SET @OLD_TIME_ZONE=@@TIME_ZONE */;
/*!40103 SET TIME_ZONE='+00:00' */;
/*!40014 SET @OLD_UNIQUE_CHECKS=@@UNIQUE_CHECKS, UNIQUE_CHECKS=0 */;
/*!40014 SET @OLD_FOREIGN_KEY_CHECKS=@@FOREIGN_KEY_CHECKS, FOREIGN_KEY_CHECKS=0 */;
/*!40101 SET @OLD_SQL_MODE=@@SQL_MODE, SQL_MODE='NO_AUTO_VALUE_ON_ZERO' */;
/*!40111 SET @OLD_SQL_NOTES=@@SQL_NOTES, SQL_NOTES=0 */;

--
-- Table structure for table `bus_line_info`
--

DROP TABLE IF EXISTS `bus_line_info`;
/*!40101 SET @saved_cs_client     = @@character_set_client */;
/*!40101 SET character_set_client = utf8 */;
CREATE TABLE `bus_line_info` (
  `line_id` varchar(12) NOT NULL,
  `line_no` varchar(7) NOT NULL,
  `detail_line_no` varchar(5) NOT NULL,
  `description` varchar(30) NOT NULL,
  PRIMARY KEY (`line_id`)
) ENGINE=InnoDB DEFAULT CHARSET=utf8;
/*!40101 SET character_set_client = @saved_cs_client */;

--
-- Dumping data for table `bus_line_info`
--

LOCK TABLES `bus_line_info` WRITE;
/*!40000 ALTER TABLE `bus_line_info` DISABLE KEYS */;
INSERT INTO `bus_line_info` VALUES ('JEB405134001','340','340-1','제주대-삼양초-함덕'),('JEB405134003','340','340-1','영주고-삼양초-함덕'),('JEB405134005','340','340-2','제주대-오름중-함덕'),('JEB405134007','340','340-2','영주고-오름중-함덕'),('JEB405134013','340','340-1','제주대-삼양초-함덕해변'),('JEB405134501','345-1','345-1','제주대-삼화지구-제주대'),('JEB405134502','345-2','345-2','영주고-베라체-삼화지구'),('JEB405134507','345-2','345-2','영주고-제일중-삼화지구'),('JEB405135001','350','350-1','제주대-인제-큰동네'),('JEB405135003','350','350-1','제주대-인제-동회천'),('JEB405135005','350','350-2','제주대-사라봉-큰동네'),('JEB405135007','350','350-1','영주고-인제-큰동네'),('JEB405135502','355','355-1','제주대-터미널-수산리'),('JEB405135504','355','355-2','제주대-보건소-수산리'),('JEB405135506','355','355-2','영주고-보건소-수산리'),('JEB405135516','355','355-1','영주고-터미널-수산리'),('JEB405135518','355','355-2','제주대-보건소-하귀초'),('JEB405136002','360','360','제주대-터미널-제주고'),('JEB405136004','360','360','영주고-터미널-제주고'),('JEB405136006','360','360','국제대-터미널-제주고'),('JEB405136011','360','360','제주대-터미널-롯데마트'),('JEB405136012','360','360','제주대-터미널-연동대림A'),('JEB405136501','365-1','365-1','제주대-공항-한라대'),('JEB405136503','365-1','365-1','영주고-공항-한라대'),('JEB405136513','365-1','365-1','국제대-공항-한라대'),('JEB405242001','420-1','420-1','제주대-도련-제주대'),('JEB405242002','420-2','420-2','제주대-도련-제주대'),('JEB405242003','420-1','420-1','제주대-화북주공A-제주대'),('JEB405242004','420-2','420-2','제주대-화북주공A-제주대'),('JEB405242005','420-1','420-1','제주대-도련-제주여고'),('JEB405242006','420-2','420-2','제주대-도련-영평'),('JEB405244602','446','446','제주대-중앙로-도평'),('JEB405244606','446','446','제주대-중앙로-백록초'),('JEB405244702','447','447','제주대-사대부고-도평'),('JEB405247006','470-3','470-3','국제대-연동-한라대'),('JEB405247501','475-1,2','475-1','제주대-탐라교육원-제주대'),('JEB405247502','475-1,2','475-2','제주대-탐라교육원-영주고'),('JEB405247504','475-1,2','475-2','영주고-탐라교육원-영주고'),('JEB405247505','475-3','475-3','제주대-S중앙병원-제주대'),('JEB405327002','270','270','제주대-한라대-애월하나로'),('JEB405327004','270','270','제주대-한라수목원-애월하나로'),('JEB405327007','270','270','제주대-한라도서관-한라대'),('JEB405327008','270','270','제주대-한라대-애월리'),('JEB405900301','3003','3003','영주고-서사라-탐라도서관'),('JEB405900302','3003','3003','제주대-서사라-제주고');
/*!40000 ALTER TABLE `bus_line_info` ENABLE KEYS */;
UNLOCK TABLES;

--
-- Table structure for table `bus_schedule`
--

DROP TABLE IF EXISTS `bus_schedule`;
/*!40101 SET @saved_cs_client     = @@character_set_client */;
/*!40101 SET character_set_client = utf8 */;
CREATE TABLE `bus_schedule` (
  `schedule_no` int(11) NOT NULL AUTO_INCREMENT,
  `line_id` varchar(12) NOT NULL,
  `departure_time` time NOT NULL,
  `weekday_holiday` enum('weekday','holiday','everyday') NOT NULL,
  PRIMARY KEY (`schedule_no`),
  KEY `line_id_idx` (`line_id`),
  CONSTRAINT `line_id` FOREIGN KEY (`line_id`) REFERENCES `bus_line_info` (`line_id`) ON DELETE NO ACTION ON UPDATE NO ACTION
) ENGINE=InnoDB AUTO_INCREMENT=805 DEFAULT CHARSET=utf8;
/*!40101 SET character_set_client = @saved_cs_client */;

--
-- Dumping data for table `bus_schedule`
--

LOCK TABLES `bus_schedule` WRITE;
/*!40000 ALTER TABLE `bus_schedule` DISABLE KEYS */;
INSERT INTO `bus_schedule` VALUES (1,'JEB405134001','06:00:00','weekday'),(2,'JEB405134001','06:26:00','weekday'),(3,'JEB405134001','06:49:00','weekday'),(4,'JEB405134001','07:10:00','weekday'),(5,'JEB405134001','07:30:00','weekday'),(6,'JEB405134001','09:06:00','weekday'),(7,'JEB405134001','10:00:00','weekday'),(8,'JEB405134001','10:27:00','weekday'),(9,'JEB405134001','11:22:00','weekday'),(10,'JEB405134001','11:47:00','weekday'),(11,'JEB405134001','12:16:00','weekday'),(12,'JEB405134001','12:41:00','weekday'),(13,'JEB405134001','13:07:00','weekday'),(14,'JEB405134001','13:59:00','weekday'),(15,'JEB405134001','14:25:00','weekday'),(16,'JEB405134001','14:51:00','weekday'),(17,'JEB405134001','15:16:00','weekday'),(18,'JEB405134001','15:42:00','weekday'),(19,'JEB405134001','17:21:00','weekday'),(20,'JEB405134001','17:47:00','weekday'),(21,'JEB405134001','18:13:00','weekday'),(22,'JEB405134001','19:10:00','weekday'),(23,'JEB405134001','19:37:00','weekday'),(24,'JEB405134001','20:33:00','weekday'),(25,'JEB405134001','21:40:00','weekday'),(26,'JEB405134003','16:31:00','weekday'),(27,'JEB405134003','16:55:00','weekday'),(28,'JEB405134013','22:00:00','weekday'),(29,'JEB405134001','06:00:00','holiday'),(30,'JEB405134001','06:32:00','holiday'),(31,'JEB405134001','07:04:00','holiday'),(32,'JEB405134001','07:36:00','holiday'),(33,'JEB405134001','08:08:00','holiday'),(34,'JEB405134001','08:40:00','holiday'),(35,'JEB405134001','09:46:00','holiday'),(36,'JEB405134001','10:18:00','holiday'),(37,'JEB405134001','10:53:00','holiday'),(38,'JEB405134001','11:28:00','holiday'),(39,'JEB405134001','12:42:00','holiday'),(40,'JEB405134001','13:17:00','holiday'),(41,'JEB405134001','13:52:00','holiday'),(42,'JEB405134001','14:24:00','holiday'),(43,'JEB405134001','14:57:00','holiday'),(44,'JEB405134001','15:33:00','holiday'),(45,'JEB405134001','16:06:00','holiday'),(46,'JEB405134001','16:42:00','holiday'),(47,'JEB405134001','17:18:00','holiday'),(48,'JEB405134001','18:30:00','holiday'),(49,'JEB405134001','19:04:00','holiday'),(50,'JEB405134001','19:40:00','holiday'),(51,'JEB405134001','20:16:00','holiday'),(52,'JEB405134001','21:28:00','holiday'),(53,'JEB405134005','06:13:00','weekday'),(54,'JEB405134005','06:38:00','weekday'),(55,'JEB405134005','07:20:00','weekday'),(56,'JEB405134005','07:40:00','weekday'),(57,'JEB405134005','08:03:00','weekday'),(58,'JEB405134005','08:27:00','weekday'),(59,'JEB405134005','08:53:00','weekday'),(60,'JEB405134005','09:20:00','weekday'),(61,'JEB405134005','09:48:00','weekday'),(62,'JEB405134005','10:15:00','weekday'),(63,'JEB405134005','10:41:00','weekday'),(64,'JEB405134005','11:08:00','weekday'),(65,'JEB405134005','11:34:00','weekday'),(66,'JEB405134005','12:02:00','weekday'),(67,'JEB405134005','12:54:00','weekday'),(68,'JEB405134005','13:19:00','weekday'),(69,'JEB405134005','13:45:00','weekday'),(70,'JEB405134005','14:12:00','weekday'),(71,'JEB405134005','14:38:00','weekday'),(72,'JEB405134005','15:29:00','weekday'),(73,'JEB405134005','15:55:00','weekday'),(74,'JEB405134005','16:19:00','weekday'),(75,'JEB405134005','17:34:00','weekday'),(76,'JEB405134005','18:00:00','weekday'),(77,'JEB405134005','18:28:00','weekday'),(78,'JEB405134005','18:56:00','weekday'),(79,'JEB405134005','19:24:00','weekday'),(80,'JEB405134005','19:51:00','weekday'),(81,'JEB405134005','20:19:00','weekday'),(82,'JEB405134005','20:47:00','weekday'),(83,'JEB405134007','16:43:00','weekday'),(84,'JEB405134007','21:15:00','weekday'),(85,'JEB405134005','06:16:00','holiday'),(86,'JEB405134005','07:20:00','holiday'),(87,'JEB405134005','08:24:00','holiday'),(88,'JEB405134005','08:56:00','holiday'),(89,'JEB405134005','09:29:00','holiday'),(90,'JEB405134005','10:01:00','holiday'),(91,'JEB405134005','11:10:00','holiday'),(92,'JEB405134005','11:48:00','holiday'),(93,'JEB405134005','12:24:00','holiday'),(94,'JEB405134005','13:00:00','holiday'),(95,'JEB405134005','14:08:00','holiday'),(96,'JEB405134005','14:41:00','holiday'),(97,'JEB405134005','15:48:00','holiday'),(98,'JEB405134005','17:00:00','holiday'),(99,'JEB405134005','17:36:00','holiday'),(100,'JEB405134005','18:12:00','holiday'),(101,'JEB405134005','18:48:00','holiday'),(102,'JEB405134005','19:58:00','holiday'),(103,'JEB405134005','20:34:00','holiday'),(104,'JEB405134005','21:10:00','holiday'),(105,'JEB405134005','21:58:00','holiday'),(106,'JEB405134501','06:00:00','everyday'),(107,'JEB405134501','06:30:00','everyday'),(108,'JEB405134501','07:00:00','everyday'),(109,'JEB405134501','07:30:00','everyday'),(110,'JEB405134501','08:00:00','everyday'),(111,'JEB405134501','08:35:00','everyday'),(112,'JEB405134501','09:10:00','everyday'),(113,'JEB405134501','09:45:00','everyday'),(114,'JEB405134501','10:20:00','everyday'),(115,'JEB405134501','10:55:00','everyday'),(116,'JEB405134501','11:30:00','everyday'),(117,'JEB405134501','12:05:00','everyday'),(118,'JEB405134501','12:40:00','everyday'),(119,'JEB405134501','13:15:00','everyday'),(120,'JEB405134501','13:50:00','everyday'),(121,'JEB405134501','14:25:00','everyday'),(122,'JEB405134501','15:00:00','everyday'),(123,'JEB405134501','15:35:00','everyday'),(124,'JEB405134501','16:10:00','everyday'),(125,'JEB405134501','16:45:00','everyday'),(126,'JEB405134501','17:20:00','everyday'),(127,'JEB405134501','17:55:00','everyday'),(128,'JEB405134501','18:30:00','everyday'),(129,'JEB405134501','19:05:00','everyday'),(130,'JEB405134501','19:40:00','everyday'),(131,'JEB405134501','20:15:00','everyday'),(132,'JEB405134501','20:50:00','everyday'),(133,'JEB405134501','21:25:00','everyday'),(134,'JEB405134501','22:00:00','everyday'),(135,'JEB405134502','09:24:00','everyday'),(136,'JEB405134502','10:09:00','everyday'),(137,'JEB405134502','13:09:00','everyday'),(138,'JEB405134502','14:39:00','everyday'),(139,'JEB405134502','15:24:00','everyday'),(140,'JEB405134502','16:54:00','everyday'),(141,'JEB405134502','17:39:00','everyday'),(142,'JEB405134502','19:09:00','everyday'),(143,'JEB405134502','19:54:00','everyday'),(144,'JEB405134502','21:24:00','everyday'),(145,'JEB405134507','06:24:00','everyday'),(146,'JEB405134507','07:09:00','everyday'),(147,'JEB405134507','07:44:00','everyday'),(148,'JEB405134507','08:34:00','everyday'),(149,'JEB405134507','10:54:00','everyday'),(150,'JEB405134507','11:39:00','everyday'),(151,'JEB405134507','12:24:00','everyday'),(152,'JEB405134507','13:54:00','everyday'),(153,'JEB405134507','16:09:00','everyday'),(154,'JEB405134507','18:24:00','everyday'),(155,'JEB405134507','20:39:00','everyday'),(156,'JEB405134507','21:54:00','everyday'),(157,'JEB405135001','06:31:00','weekday'),(158,'JEB405135001','07:11:00','weekday'),(159,'JEB405135001','07:28:00','weekday'),(160,'JEB405135001','07:58:00','weekday'),(161,'JEB405135001','08:58:00','weekday'),(162,'JEB405135001','09:24:00','weekday'),(163,'JEB405135001','10:11:00','weekday'),(164,'JEB405135001','10:31:00','weekday'),(165,'JEB405135001','11:12:00','weekday'),(166,'JEB405135001','11:32:00','weekday'),(167,'JEB405135001','12:27:00','weekday'),(168,'JEB405135001','13:05:00','weekday'),(169,'JEB405135001','13:26:00','weekday'),(170,'JEB405135001','14:26:00','weekday'),(171,'JEB405135001','15:06:00','weekday'),(172,'JEB405135001','15:32:00','weekday'),(173,'JEB405135001','17:32:00','weekday'),(174,'JEB405135001','18:04:00','weekday'),(175,'JEB405135001','19:08:00','weekday'),(176,'JEB405135001','19:31:00','weekday'),(177,'JEB405135001','20:12:00','weekday'),(178,'JEB405135001','20:31:00','weekday'),(179,'JEB405135001','21:12:00','weekday'),(180,'JEB405135001','21:32:00','weekday'),(181,'JEB405135001','21:57:00','weekday'),(182,'JEB405135003','06:10:00','weekday'),(183,'JEB405135003','08:18:00','weekday'),(184,'JEB405135003','12:12:00','weekday'),(185,'JEB405135003','14:06:00','weekday'),(186,'JEB405135003','16:10:00','weekday'),(187,'JEB405135003','18:24:00','weekday'),(188,'JEB405135007','16:49:00','weekday'),(189,'JEB405135007','17:10:00','weekday'),(190,'JEB405135005','06:51:00','weekday'),(191,'JEB405135005','07:43:00','weekday'),(192,'JEB405135005','08:35:00','weekday'),(193,'JEB405135005','09:46:00','weekday'),(194,'JEB405135005','10:51:00','weekday'),(195,'JEB405135005','11:52:00','weekday'),(196,'JEB405135005','12:45:00','weekday'),(197,'JEB405135005','13:46:00','weekday'),(198,'JEB405135005','14:46:00','weekday'),(199,'JEB405135005','15:50:00','weekday'),(200,'JEB405135005','16:29:00','weekday'),(201,'JEB405135005','17:45:00','weekday'),(202,'JEB405135005','18:46:00','weekday'),(203,'JEB405135005','19:56:00','weekday'),(204,'JEB405135005','20:55:00','weekday'),(205,'JEB405135001','06:41:00','holiday'),(206,'JEB405135001','07:28:00','holiday'),(207,'JEB405135001','07:43:00','holiday'),(208,'JEB405135001','08:58:00','holiday'),(209,'JEB405135001','09:52:00','holiday'),(210,'JEB405135001','10:20:00','holiday'),(211,'JEB405135001','11:12:00','holiday'),(212,'JEB405135001','11:40:00','holiday'),(213,'JEB405135001','12:45:00','holiday'),(214,'JEB405135001','13:10:00','holiday'),(215,'JEB405135001','14:28:00','holiday'),(216,'JEB405135001','15:20:00','holiday'),(217,'JEB405135001','15:52:00','holiday'),(218,'JEB405135001','17:10:00','holiday'),(219,'JEB405135001','17:32:00','holiday'),(220,'JEB405135001','18:10:00','holiday'),(221,'JEB405135001','19:31:00','holiday'),(222,'JEB405135001','20:00:00','holiday'),(223,'JEB405135001','20:48:00','holiday'),(224,'JEB405135001','21:20:00','holiday'),(225,'JEB405135001','21:57:00','holiday'),(226,'JEB405135003','06:10:00','holiday'),(227,'JEB405135003','08:30:00','holiday'),(228,'JEB405135003','12:05:00','holiday'),(229,'JEB405135003','14:06:00','holiday'),(230,'JEB405135003','16:10:00','holiday'),(231,'JEB405135003','18:35:00','holiday'),(232,'JEB405135005','07:01:00','holiday'),(233,'JEB405135005','08:03:00','holiday'),(234,'JEB405135005','09:24:00','holiday'),(235,'JEB405135005','10:51:00','holiday'),(236,'JEB405135005','12:27:00','holiday'),(237,'JEB405135005','13:40:00','holiday'),(238,'JEB405135005','14:52:00','holiday'),(239,'JEB405135005','16:40:00','holiday'),(240,'JEB405135005','17:50:00','holiday'),(241,'JEB405135005','19:08:00','holiday'),(242,'JEB405135005','20:25:00','holiday'),(243,'JEB405135502','06:45:00','weekday'),(244,'JEB405135502','07:26:00','weekday'),(245,'JEB405135502','07:48:00','weekday'),(246,'JEB405135502','08:10:00','weekday'),(247,'JEB405135502','08:34:00','weekday'),(248,'JEB405135502','09:04:00','weekday'),(249,'JEB405135502','09:54:00','weekday'),(250,'JEB405135502','10:20:00','weekday'),(251,'JEB405135502','10:45:00','weekday'),(252,'JEB405135502','11:13:00','weekday'),(253,'JEB405135502','12:09:00','weekday'),(254,'JEB405135502','12:32:00','weekday'),(255,'JEB405135502','12:53:00','weekday'),(256,'JEB405135502','13:21:00','weekday'),(257,'JEB405135502','14:06:00','weekday'),(258,'JEB405135502','14:36:00','weekday'),(259,'JEB405135502','15:02:00','weekday'),(260,'JEB405135502','15:26:00','weekday'),(261,'JEB405135502','16:16:00','weekday'),(262,'JEB405135502','17:33:00','weekday'),(263,'JEB405135502','17:57:00','weekday'),(264,'JEB405135502','18:25:00','weekday'),(265,'JEB405135502','18:53:00','weekday'),(266,'JEB405135502','19:23:00','weekday'),(267,'JEB405135502','19:49:00','weekday'),(268,'JEB405135502','20:13:00','weekday'),(269,'JEB405135502','20:45:00','weekday'),(270,'JEB405135502','21:13:00','weekday'),(271,'JEB405135502','21:46:00','weekday'),(272,'JEB405135516','16:40:00','weekday'),(273,'JEB405135504','06:08:00','weekday'),(274,'JEB405135504','06:35:00','weekday'),(275,'JEB405135504','06:58:00','weekday'),(276,'JEB405135504','07:18:00','weekday'),(277,'JEB405135504','08:00:00','weekday'),(278,'JEB405135504','08:48:00','weekday'),(279,'JEB405135504','09:17:00','weekday'),(280,'JEB405135504','09:42:00','weekday'),(281,'JEB405135504','10:08:00','weekday'),(282,'JEB405135504','11:00:00','weekday'),(283,'JEB405135504','11:28:00','weekday'),(284,'JEB405135504','11:56:00','weekday'),(285,'JEB405135504','12:22:00','weekday'),(286,'JEB405135504','13:08:00','weekday'),(287,'JEB405135504','13:34:00','weekday'),(288,'JEB405135504','13:56:00','weekday'),(289,'JEB405135504','14:22:00','weekday'),(290,'JEB405135504','15:15:00','weekday'),(291,'JEB405135504','15:38:00','weekday'),(292,'JEB405135504','16:03:00','weekday'),(293,'JEB405135504','17:22:00','weekday'),(294,'JEB405135504','17:46:00','weekday'),(295,'JEB405135504','18:41:00','weekday'),(296,'JEB405135504','19:37:00','weekday'),(297,'JEB405135504','20:01:00','weekday'),(298,'JEB405135504','20:59:00','weekday'),(299,'JEB405135504','22:00:00','weekday'),(300,'JEB405135506','16:30:00','weekday'),(301,'JEB405135506','16:56:00','weekday'),(302,'JEB405135502','06:08:00','holiday'),(303,'JEB405135502','06:45:00','holiday'),(304,'JEB405135502','08:12:00','holiday'),(305,'JEB405135502','09:04:00','holiday'),(306,'JEB405135502','10:19:00','holiday'),(307,'JEB405135502','10:45:00','holiday'),(308,'JEB405135502','11:41:00','holiday'),(309,'JEB405135502','12:09:00','holiday'),(310,'JEB405135502','13:23:00','holiday'),(311,'JEB405135502','14:07:00','holiday'),(312,'JEB405135502','14:36:00','holiday'),(313,'JEB405135502','15:24:00','holiday'),(314,'JEB405135502','15:53:00','holiday'),(315,'JEB405135502','16:41:00','holiday'),(316,'JEB405135502','17:09:00','holiday'),(317,'JEB405135502','17:57:00','holiday'),(318,'JEB405135502','18:25:00','holiday'),(319,'JEB405135502','19:23:00','holiday'),(320,'JEB405135502','19:49:00','holiday'),(321,'JEB405135502','20:45:00','holiday'),(322,'JEB405135502','21:13:00','holiday'),(323,'JEB405135504','06:56:00','holiday'),(324,'JEB405135504','07:21:00','holiday'),(325,'JEB405135504','07:35:00','holiday'),(326,'JEB405135504','08:00:00','holiday'),(327,'JEB405135504','08:45:00','holiday'),(328,'JEB405135504','09:17:00','holiday'),(329,'JEB405135504','09:47:00','holiday'),(330,'JEB405135504','10:04:00','holiday'),(331,'JEB405135504','10:34:00','holiday'),(332,'JEB405135504','11:04:00','holiday'),(333,'JEB405135504','11:56:00','holiday'),(334,'JEB405135504','12:25:00','holiday'),(335,'JEB405135504','12:39:00','holiday'),(336,'JEB405135504','13:08:00','holiday'),(337,'JEB405135504','13:36:00','holiday'),(338,'JEB405135504','14:22:00','holiday'),(339,'JEB405135504','15:10:00','holiday'),(340,'JEB405135504','15:37:00','holiday'),(341,'JEB405135504','16:23:00','holiday'),(342,'JEB405135504','16:56:00','holiday'),(343,'JEB405135504','17:41:00','holiday'),(344,'JEB405135504','18:09:00','holiday'),(345,'JEB405135504','18:44:00','holiday'),(346,'JEB405135504','19:37:00','holiday'),(347,'JEB405135504','20:07:00','holiday'),(348,'JEB405135504','20:59:00','holiday'),(349,'JEB405135504','21:29:00','holiday'),(350,'JEB405135518','22:00:00','holiday'),(351,'JEB405136002','06:04:00','weekday'),(352,'JEB405136002','06:12:00','weekday'),(353,'JEB405136002','06:23:00','weekday'),(354,'JEB405136002','06:33:00','weekday'),(355,'JEB405136002','06:41:00','weekday'),(356,'JEB405136002','06:48:00','weekday'),(357,'JEB405136002','06:53:00','weekday'),(358,'JEB405136002','07:02:00','weekday'),(359,'JEB405136002','07:14:00','weekday'),(360,'JEB405136002','07:34:00','weekday'),(361,'JEB405136002','07:44:00','weekday'),(362,'JEB405136002','07:54:00','weekday'),(363,'JEB405136002','08:06:00','weekday'),(364,'JEB405136002','08:16:00','weekday'),(365,'JEB405136002','08:26:00','weekday'),(366,'JEB405136002','08:38:00','weekday'),(367,'JEB405136002','08:50:00','weekday'),(368,'JEB405136002','09:02:00','weekday'),(369,'JEB405136002','09:14:00','weekday'),(370,'JEB405136002','09:38:00','weekday'),(371,'JEB405136002','09:50:00','weekday'),(372,'JEB405136002','10:02:00','weekday'),(373,'JEB405136002','10:13:00','weekday'),(374,'JEB405136002','10:24:00','weekday'),(375,'JEB405136002','10:36:00','weekday'),(376,'JEB405136002','10:47:00','weekday'),(377,'JEB405136002','10:57:00','weekday'),(378,'JEB405136002','11:06:00','weekday'),(379,'JEB405136002','11:16:00','weekday'),(380,'JEB405136002','11:26:00','weekday'),(381,'JEB405136002','11:35:00','weekday'),(382,'JEB405136002','11:44:00','weekday'),(383,'JEB405136002','11:54:00','weekday'),(384,'JEB405136002','12:04:00','weekday'),(385,'JEB405136002','12:14:00','weekday'),(386,'JEB405136002','12:25:00','weekday'),(387,'JEB405136002','12:36:00','weekday'),(388,'JEB405136002','12:47:00','weekday'),(389,'JEB405136002','12:58:00','weekday'),(390,'JEB405136002','13:12:00','weekday'),(391,'JEB405136002','13:24:00','weekday'),(392,'JEB405136002','13:36:00','weekday'),(393,'JEB405136002','13:48:00','weekday'),(394,'JEB405136002','13:58:00','weekday'),(395,'JEB405136002','14:08:00','weekday'),(396,'JEB405136002','14:18:00','weekday'),(397,'JEB405136002','14:28:00','weekday'),(398,'JEB405136002','14:38:00','weekday'),(399,'JEB405136002','14:48:00','weekday'),(400,'JEB405136002','14:58:00','weekday'),(401,'JEB405136002','15:08:00','weekday'),(402,'JEB405136002','15:18:00','weekday'),(403,'JEB405136002','15:28:00','weekday'),(404,'JEB405136002','15:40:00','weekday'),(405,'JEB405136002','15:42:00','weekday'),(406,'JEB405136002','16:12:00','weekday'),(407,'JEB405136002','16:22:00','weekday'),(408,'JEB405136002','16:32:00','weekday'),(409,'JEB405136002','17:15:00','weekday'),(410,'JEB405136002','17:26:00','weekday'),(411,'JEB405136002','17:37:00','weekday'),(412,'JEB405136002','17:48:00','weekday'),(413,'JEB405136002','17:59:00','weekday'),(414,'JEB405136002','18:11:00','weekday'),(415,'JEB405136002','18:22:00','weekday'),(416,'JEB405136002','18:32:00','weekday'),(417,'JEB405136002','18:43:00','weekday'),(418,'JEB405136002','18:55:00','weekday'),(419,'JEB405136002','19:06:00','weekday'),(420,'JEB405136002','19:18:00','weekday'),(421,'JEB405136002','19:28:00','weekday'),(422,'JEB405136002','19:40:00','weekday'),(423,'JEB405136002','19:52:00','weekday'),(424,'JEB405136002','20:04:00','weekday'),(425,'JEB405136002','20:16:00','weekday'),(426,'JEB405136002','20:28:00','weekday'),(427,'JEB405136002','20:40:00','weekday'),(428,'JEB405136002','20:52:00','weekday'),(429,'JEB405136006','07:24:00','weekday'),(430,'JEB405136006','09:26:00','weekday'),(431,'JEB405136006','16:00:00','weekday'),(432,'JEB405136004','16:42:00','weekday'),(433,'JEB405136004','16:52:00','weekday'),(434,'JEB405136004','17:04:00','weekday'),(435,'JEB405136004','21:04:00','weekday'),(436,'JEB405136011','21:16:00','weekday'),(437,'JEB405136011','21:28:00','weekday'),(438,'JEB405136012','21:40:00','weekday'),(439,'JEB405136012','21:52:00','weekday'),(440,'JEB405136012','22:01:00','weekday'),(441,'JEB405136002','06:11:00','holiday'),(442,'JEB405136002','06:22:00','holiday'),(443,'JEB405136002','06:34:00','holiday'),(444,'JEB405136002','06:46:00','holiday'),(445,'JEB405136002','06:58:00','holiday'),(446,'JEB405136002','07:10:00','holiday'),(447,'JEB405136002','07:22:00','holiday'),(448,'JEB405136002','07:34:00','holiday'),(449,'JEB405136002','07:46:00','holiday'),(450,'JEB405136002','07:58:00','holiday'),(451,'JEB405136002','08:10:00','holiday'),(452,'JEB405136002','08:22:00','holiday'),(453,'JEB405136002','08:34:00','holiday'),(454,'JEB405136002','08:46:00','holiday'),(455,'JEB405136002','09:00:00','holiday'),(456,'JEB405136002','09:10:00','holiday'),(457,'JEB405136002','09:22:00','holiday'),(458,'JEB405136002','09:36:00','holiday'),(459,'JEB405136002','09:48:00','holiday'),(460,'JEB405136002','10:03:00','holiday'),(461,'JEB405136002','10:16:00','holiday'),(462,'JEB405136002','10:29:00','holiday'),(463,'JEB405136002','10:43:00','holiday'),(464,'JEB405136002','10:57:00','holiday'),(465,'JEB405136002','11:10:00','holiday'),(466,'JEB405136002','11:24:00','holiday'),(467,'JEB405136002','11:36:00','holiday'),(468,'JEB405136002','11:49:00','holiday'),(469,'JEB405136002','12:01:00','holiday'),(470,'JEB405136002','12:15:00','holiday'),(471,'JEB405136002','12:29:00','holiday'),(472,'JEB405136002','12:40:00','holiday'),(473,'JEB405136002','12:53:00','holiday'),(474,'JEB405136002','13:07:00','holiday'),(475,'JEB405136002','13:21:00','holiday'),(476,'JEB405136002','13:32:00','holiday'),(477,'JEB405136002','13:45:00','holiday'),(478,'JEB405136002','13:59:00','holiday'),(479,'JEB405136002','14:12:00','holiday'),(480,'JEB405136002','14:25:00','holiday'),(481,'JEB405136002','14:40:00','holiday'),(482,'JEB405136002','14:54:00','holiday'),(483,'JEB405136002','15:07:00','holiday'),(484,'JEB405136002','15:18:00','holiday'),(485,'JEB405136002','15:31:00','holiday'),(486,'JEB405136002','15:44:00','holiday'),(487,'JEB405136002','15:57:00','holiday'),(488,'JEB405136002','16:08:00','holiday'),(489,'JEB405136002','16:22:00','holiday'),(490,'JEB405136002','16:35:00','holiday'),(491,'JEB405136002','16:48:00','holiday'),(492,'JEB405136002','17:01:00','holiday'),(493,'JEB405136002','17:12:00','holiday'),(494,'JEB405136002','17:25:00','holiday'),(495,'JEB405136002','17:39:00','holiday'),(496,'JEB405136002','17:51:00','holiday'),(497,'JEB405136002','18:04:00','holiday'),(498,'JEB405136002','18:17:00','holiday'),(499,'JEB405136002','18:31:00','holiday'),(500,'JEB405136002','18:43:00','holiday'),(501,'JEB405136002','18:58:00','holiday'),(502,'JEB405136002','19:12:00','holiday'),(503,'JEB405136002','19:26:00','holiday'),(504,'JEB405136002','19:38:00','holiday'),(505,'JEB405136002','19:52:00','holiday'),(506,'JEB405136002','20:06:00','holiday'),(507,'JEB405136002','20:20:00','holiday'),(508,'JEB405136002','20:32:00','holiday'),(509,'JEB405136002','20:46:00','holiday'),(510,'JEB405136011','21:00:00','holiday'),(511,'JEB405136011','21:14:00','holiday'),(512,'JEB405136012','21:30:00','holiday'),(513,'JEB405136012','21:44:00','holiday'),(514,'JEB405136012','21:59:00','holiday'),(515,'JEB405136501','06:14:00','weekday'),(516,'JEB405136501','06:25:00','weekday'),(517,'JEB405136501','06:37:00','weekday'),(518,'JEB405136501','06:46:00','weekday'),(519,'JEB405136501','06:55:00','weekday'),(520,'JEB405136501','07:04:00','weekday'),(521,'JEB405136501','07:12:00','weekday'),(522,'JEB405136501','07:22:00','weekday'),(523,'JEB405136501','07:32:00','weekday'),(524,'JEB405136501','07:42:00','weekday'),(525,'JEB405136501','07:52:00','weekday'),(526,'JEB405136501','08:02:00','weekday'),(527,'JEB405136501','08:12:00','weekday'),(528,'JEB405136501','08:28:00','weekday'),(529,'JEB405136501','08:44:00','weekday'),(530,'JEB405136501','08:52:00','weekday'),(531,'JEB405136501','09:00:00','weekday'),(532,'JEB405136501','09:11:00','weekday'),(533,'JEB405136501','09:22:00','weekday'),(534,'JEB405136501','09:33:00','weekday'),(535,'JEB405136501','09:55:00','weekday'),(536,'JEB405136501','10:17:00','weekday'),(537,'JEB405136501','10:28:00','weekday'),(538,'JEB405136501','10:39:00','weekday'),(539,'JEB405136501','10:49:00','weekday'),(540,'JEB405136501','11:00:00','weekday'),(541,'JEB405136501','11:10:00','weekday'),(542,'JEB405136501','11:20:00','weekday'),(543,'JEB405136501','11:30:00','weekday'),(544,'JEB405136501','11:40:00','weekday'),(545,'JEB405136501','11:50:00','weekday'),(546,'JEB405136501','12:00:00','weekday'),(547,'JEB405136501','12:10:00','weekday'),(548,'JEB405136501','12:20:00','weekday'),(549,'JEB405136501','12:30:00','weekday'),(550,'JEB405136501','12:40:00','weekday'),(551,'JEB405136501','12:50:00','weekday'),(552,'JEB405136501','13:00:00','weekday'),(553,'JEB405136501','13:10:00','weekday'),(554,'JEB405136501','13:20:00','weekday'),(555,'JEB405136501','13:30:00','weekday'),(556,'JEB405136501','13:40:00','weekday'),(557,'JEB405136501','13:50:00','weekday'),(558,'JEB405136501','14:00:00','weekday'),(559,'JEB405136501','14:10:00','weekday'),(560,'JEB405136501','14:20:00','weekday'),(561,'JEB405136501','14:30:00','weekday'),(562,'JEB405136501','14:40:00','weekday'),(563,'JEB405136501','14:50:00','weekday'),(564,'JEB405136501','15:00:00','weekday'),(565,'JEB405136501','15:10:00','weekday'),(566,'JEB405136501','15:20:00','weekday'),(567,'JEB405136501','15:30:00','weekday'),(568,'JEB405136501','15:38:00','weekday'),(569,'JEB405136501','15:54:00','weekday'),(570,'JEB405136501','16:04:00','weekday'),(571,'JEB405136501','16:14:00','weekday'),(572,'JEB405136501','16:24:00','weekday'),(573,'JEB405136501','17:07:00','weekday'),(574,'JEB405136501','17:19:00','weekday'),(575,'JEB405136501','17:30:00','weekday'),(576,'JEB405136501','17:41:00','weekday'),(577,'JEB405136501','17:52:00','weekday'),(578,'JEB405136501','18:02:00','weekday'),(579,'JEB405136501','18:14:00','weekday'),(580,'JEB405136501','18:26:00','weekday'),(581,'JEB405136501','18:38:00','weekday'),(582,'JEB405136501','18:50:00','weekday'),(583,'JEB405136501','19:02:00','weekday'),(584,'JEB405136501','19:14:00','weekday'),(585,'JEB405136501','19:26:00','weekday'),(586,'JEB405136501','19:38:00','weekday'),(587,'JEB405136501','19:50:00','weekday'),(588,'JEB405136501','20:02:00','weekday'),(589,'JEB405136501','20:14:00','weekday'),(590,'JEB405136501','20:26:00','weekday'),(591,'JEB405136501','20:38:00','weekday'),(592,'JEB405136501','20:50:00','weekday'),(593,'JEB405136501','21:14:00','weekday'),(594,'JEB405136501','21:26:00','weekday'),(595,'JEB405136501','21:38:00','weekday'),(596,'JEB405136501','21:50:00','weekday'),(597,'JEB405136501','22:03:00','weekday'),(598,'JEB405136503','16:34:00','weekday'),(599,'JEB405136503','16:44:00','weekday'),(600,'JEB405136503','16:54:00','weekday'),(601,'JEB405136503','21:02:00','weekday'),(602,'JEB405136513','09:44:00','weekday'),(603,'JEB405136513','10:06:00','weekday'),(604,'JEB405136513','15:46:00','weekday'),(605,'JEB405136501','06:14:00','holiday'),(606,'JEB405136501','06:26:00','holiday'),(607,'JEB405136501','06:38:00','holiday'),(608,'JEB405136501','06:50:00','holiday'),(609,'JEB405136501','07:02:00','holiday'),(610,'JEB405136501','07:14:00','holiday'),(611,'JEB405136501','07:26:00','holiday'),(612,'JEB405136501','07:38:00','holiday'),(613,'JEB405136501','07:50:00','holiday'),(614,'JEB405136501','08:02:00','holiday'),(615,'JEB405136501','08:14:00','holiday'),(616,'JEB405136501','08:26:00','holiday'),(617,'JEB405136501','08:38:00','holiday'),(618,'JEB405136501','08:50:00','holiday'),(619,'JEB405136501','09:02:00','holiday'),(620,'JEB405136501','09:14:00','holiday'),(621,'JEB405136501','09:26:00','holiday'),(622,'JEB405136501','09:38:00','holiday'),(623,'JEB405136501','09:50:00','holiday'),(624,'JEB405136501','10:02:00','holiday'),(625,'JEB405136501','10:14:00','holiday'),(626,'JEB405136501','10:26:00','holiday'),(627,'JEB405136501','10:38:00','holiday'),(628,'JEB405136501','10:50:00','holiday'),(629,'JEB405136501','11:02:00','holiday'),(630,'JEB405136501','11:14:00','holiday'),(631,'JEB405136501','11:26:00','holiday'),(632,'JEB405136501','11:38:00','holiday'),(633,'JEB405136501','11:50:00','holiday'),(634,'JEB405136501','12:02:00','holiday'),(635,'JEB405136501','12:14:00','holiday'),(636,'JEB405136501','12:26:00','holiday'),(637,'JEB405136501','12:38:00','holiday'),(638,'JEB405136501','12:50:00','holiday'),(639,'JEB405136501','13:02:00','holiday'),(640,'JEB405136501','13:14:00','holiday'),(641,'JEB405136501','13:26:00','holiday'),(642,'JEB405136501','13:38:00','holiday'),(643,'JEB405136501','13:50:00','holiday'),(644,'JEB405136501','14:02:00','holiday'),(645,'JEB405136501','14:14:00','holiday'),(646,'JEB405136501','14:26:00','holiday'),(647,'JEB405136501','14:38:00','holiday'),(648,'JEB405136501','14:50:00','holiday'),(649,'JEB405136501','15:02:00','holiday'),(650,'JEB405136501','15:14:00','holiday'),(651,'JEB405136501','15:26:00','holiday'),(652,'JEB405136501','15:38:00','holiday'),(653,'JEB405136501','15:50:00','holiday'),(654,'JEB405136501','16:02:00','holiday'),(655,'JEB405136501','16:16:00','holiday'),(656,'JEB405136501','16:29:00','holiday'),(657,'JEB405136501','16:38:00','holiday'),(658,'JEB405136501','16:50:00','holiday'),(659,'JEB405136501','17:02:00','holiday'),(660,'JEB405136501','17:14:00','holiday'),(661,'JEB405136501','17:27:00','holiday'),(662,'JEB405136501','17:40:00','holiday'),(663,'JEB405136501','17:53:00','holiday'),(664,'JEB405136501','18:06:00','holiday'),(665,'JEB405136501','18:19:00','holiday'),(666,'JEB405136501','18:32:00','holiday'),(667,'JEB405136501','18:45:00','holiday'),(668,'JEB405136501','18:56:00','holiday'),(669,'JEB405136501','19:06:00','holiday'),(670,'JEB405136501','19:16:00','holiday'),(671,'JEB405136501','19:29:00','holiday'),(672,'JEB405136501','19:43:00','holiday'),(673,'JEB405136501','19:56:00','holiday'),(674,'JEB405136501','20:09:00','holiday'),(675,'JEB405136501','20:22:00','holiday'),(676,'JEB405136501','20:36:00','holiday'),(677,'JEB405136501','20:50:00','holiday'),(678,'JEB405136501','21:04:00','holiday'),(679,'JEB405136501','21:18:00','holiday'),(680,'JEB405136501','21:32:00','holiday'),(681,'JEB405136501','21:46:00','holiday'),(682,'JEB405136501','22:00:00','holiday'),(683,'JEB405242001','06:55:00','everyday'),(684,'JEB405242001','08:25:00','everyday'),(685,'JEB405242001','10:05:00','everyday'),(686,'JEB405242001','11:45:00','everyday'),(687,'JEB405242001','13:25:00','everyday'),(688,'JEB405242001','15:05:00','everyday'),(689,'JEB405242001','16:40:00','everyday'),(690,'JEB405242001','18:10:00','everyday'),(691,'JEB405242001','19:50:00','everyday'),(692,'JEB405242003','06:20:00','everyday'),(693,'JEB405242003','07:40:00','everyday'),(694,'JEB405242003','09:15:00','everyday'),(695,'JEB405242003','10:55:00','everyday'),(696,'JEB405242003','12:35:00','everyday'),(697,'JEB405242003','14:15:00','everyday'),(698,'JEB405242003','15:55:00','everyday'),(699,'JEB405242003','17:25:00','everyday'),(700,'JEB405242003','19:00:00','everyday'),(701,'JEB405242003','20:40:00','everyday'),(702,'JEB405242005','21:30:00','everyday'),(703,'JEB405242002','06:45:00','everyday'),(704,'JEB405242002','08:15:00','everyday'),(705,'JEB405242002','09:55:00','everyday'),(706,'JEB405242002','11:35:00','everyday'),(707,'JEB405242002','13:15:00','everyday'),(708,'JEB405242002','14:55:00','everyday'),(709,'JEB405242002','16:35:00','everyday'),(710,'JEB405242002','18:10:00','everyday'),(711,'JEB405242002','19:40:00','everyday'),(712,'JEB405242004','06:10:00','everyday'),(713,'JEB405242004','07:30:00','everyday'),(714,'JEB405242004','09:05:00','everyday'),(715,'JEB405242004','10:45:00','everyday'),(716,'JEB405242004','12:25:00','everyday'),(717,'JEB405242004','14:05:00','everyday'),(718,'JEB405242004','15:45:00','everyday'),(719,'JEB405242004','17:25:00','everyday'),(720,'JEB405242004','18:55:00','everyday'),(721,'JEB405242004','20:30:00','everyday'),(722,'JEB405242006','21:20:00','everyday'),(723,'JEB405244602','06:00:00','everyday'),(724,'JEB405244602','10:00:00','everyday'),(725,'JEB405244602','12:40:00','everyday'),(726,'JEB405244602','13:50:00','everyday'),(727,'JEB405244602','15:10:00','everyday'),(728,'JEB405244602','17:50:00','everyday'),(729,'JEB405244602','19:20:00','everyday'),(730,'JEB405244602','20:30:00','everyday'),(731,'JEB405244606','21:40:00','everyday'),(732,'JEB405244702','05:55:00','everyday'),(733,'JEB405244702','06:35:00','everyday'),(734,'JEB405244702','07:20:00','everyday'),(735,'JEB405244702','08:50:00','everyday'),(736,'JEB405244702','09:30:00','everyday'),(737,'JEB405244702','10:40:00','everyday'),(738,'JEB405244702','12:30:00','everyday'),(739,'JEB405244702','13:10:00','everyday'),(740,'JEB405244702','14:20:00','everyday'),(741,'JEB405244702','13:40:00','everyday'),(742,'JEB405244702','16:15:00','everyday'),(744,'JEB405244702','18:00:00','everyday'),(745,'JEB405244702','19:30:00','everyday'),(746,'JEB405244702','20:35:00','everyday'),(747,'JEB405244702','21:30:00','everyday'),(748,'JEB405247006','08:06:00','everyday'),(749,'JEB405247006','11:21:00','everyday'),(750,'JEB405247006','14:46:00','everyday'),(751,'JEB405247006','17:56:00','everyday'),(752,'JEB405247006','20:56:00','everyday'),(753,'JEB405247501','08:20:00','everyday'),(754,'JEB405247501','09:05:00','everyday'),(755,'JEB405247501','10:05:00','everyday'),(756,'JEB405247501','10:40:00','everyday'),(757,'JEB405247501','11:35:00','everyday'),(758,'JEB405247501','12:20:00','everyday'),(759,'JEB405247501','13:55:00','everyday'),(760,'JEB405247501','14:55:00','everyday'),(761,'JEB405247501','15:40:00','everyday'),(762,'JEB405247501','18:55:00','everyday'),(763,'JEB405247501','19:45:00','everyday'),(764,'JEB405247502','06:30:00','everyday'),(765,'JEB405247502','07:25:00','everyday'),(766,'JEB405247504','09:50:00','everyday'),(767,'JEB405247504','11:00:00','everyday'),(768,'JEB405247504','12:45:00','everyday'),(769,'JEB405247504','13:40:00','everyday'),(770,'JEB405247504','14:30:00','everyday'),(771,'JEB405247504','15:55:00','everyday'),(772,'JEB405247504','16:45:00','everyday'),(773,'JEB405247504','17:40:00','everyday'),(774,'JEB405247504','18:35:00','everyday'),(775,'JEB405247504','19:20:00','everyday'),(776,'JEB405247505','06:15:00','everyday'),(777,'JEB405247505','17:00:00','everyday'),(778,'JEB405900301','22:24:00','weekday'),(779,'JEB405900302','23:15:00','weekday'),(780,'JEB405327002','07:10:00','everyday'),(781,'JEB405327002','07:50:00','everyday'),(783,'JEB405327002','08:20:00','everyday'),(784,'JEB405327002','09:30:00','everyday'),(785,'JEB405327002','10:05:00','everyday'),(786,'JEB405327002','10:45:00','everyday'),(787,'JEB405327002','11:25:00','everyday'),(788,'JEB405327002','12:05:00','everyday'),(789,'JEB405327002','12:45:00','everyday'),(790,'JEB405327002','13:25:00','everyday'),(791,'JEB405327002','14:45:00','everyday'),(792,'JEB405327002','15:25:00','everyday'),(793,'JEB405327002','16:05:00','everyday'),(794,'JEB405327002','16:45:00','everyday'),(795,'JEB405327002','17:25:00','everyday'),(796,'JEB405327002','18:05:00','everyday'),(797,'JEB405327002','18:35:00','everyday'),(798,'JEB405327002','19:35:00','everyday'),(799,'JEB405327004','08:55:00','everyday'),(800,'JEB405327004','14:05:00','everyday'),(801,'JEB405327004','19:05:00','everyday'),(802,'JEB405327007','21:40:00','everyday'),(803,'JEB405327008','20:55:00','everyday'),(804,'JEB405327002','20:15:00','everyday');
/*!40000 ALTER TABLE `bus_schedule` ENABLE KEYS */;
UNLOCK TABLES;

--
-- Table structure for table `jnu_bus_schedule`
--

DROP TABLE IF EXISTS `jnu_bus_schedule`;
/*!40101 SET @saved_cs_client     = @@character_set_client */;
/*!40101 SET character_set_client = utf8 */;
CREATE TABLE `jnu_bus_schedule` (
  `id` int(11) NOT NULL AUTO_INCREMENT,
  `departure_time` time NOT NULL,
  `course` enum('A','B') NOT NULL,
  `go_ocean_science` tinyint(4) NOT NULL,
  PRIMARY KEY (`id`)
) ENGINE=InnoDB AUTO_INCREMENT=53 DEFAULT CHARSET=utf8;
/*!40101 SET character_set_client = @saved_cs_client */;

--
-- Dumping data for table `jnu_bus_schedule`
--

LOCK TABLES `jnu_bus_schedule` WRITE;
/*!40000 ALTER TABLE `jnu_bus_schedule` DISABLE KEYS */;
INSERT INTO `jnu_bus_schedule` VALUES (1,'08:30:00','A',1),(2,'08:45:00','A',1),(3,'09:04:00','A',0),(4,'09:20:00','A',0),(5,'10:00:00','A',0),(6,'10:20:00','A',1),(7,'10:40:00','A',1),(8,'11:00:00','A',0),(9,'12:20:00','A',0),(10,'12:40:00','A',1),(11,'13:00:00','A',0),(12,'13:20:00','A',0),(13,'13:40:00','A',1),(14,'14:00:00','A',0),(15,'14:40:00','A',0),(16,'15:00:00','A',0),(17,'15:20:00','A',1),(18,'15:40:00','A',1),(19,'16:00:00','A',0),(20,'16:20:00','A',0),(21,'17:00:00','A',0),(22,'17:20:00','A',0),(23,'17:40:00','A',0),(24,'18:00:00','A',0),(25,'18:20:00','A',0),(26,'18:40:00','A',0),(27,'08:40:00','B',1),(28,'08:56:00','B',1),(29,'09:12:00','B',0),(30,'09:30:00','B',0),(31,'09:50:00','B',0),(32,'10:30:00','B',1),(33,'10:50:00','B',1),(34,'11:10:00','B',0),(35,'11:30:00','B',0),(36,'11:50:00','B',0),(37,'13:10:00','B',0),(38,'13:30:00','B',0),(39,'13:50:00','B',1),(40,'14:10:00','B',0),(41,'14:30:00','B',0),(42,'15:10:00','B',0),(43,'15:30:00','B',1),(44,'15:50:00','B',1),(45,'16:10:00','B',0),(46,'16:30:00','B',0),(47,'16:50:00','B',0),(48,'17:30:00','B',0),(49,'17:50:00','B',1),(50,'18:10:00','B',0),(51,'18:30:00','B',0),(52,'18:50:00','B',0);
/*!40000 ALTER TABLE `jnu_bus_schedule` ENABLE KEYS */;
UNLOCK TABLES;

--
-- Table structure for table `jnu_bus_station`
--

DROP TABLE IF EXISTS `jnu_bus_station`;
/*!40101 SET @saved_cs_client     = @@character_set_client */;
/*!40101 SET character_set_client = utf8 */;
CREATE TABLE `jnu_bus_station` (
  `id` int(11) NOT NULL AUTO_INCREMENT,
  `name` varchar(45) NOT NULL,
  PRIMARY KEY (`id`)
) ENGINE=InnoDB AUTO_INCREMENT=17 DEFAULT CHARSET=utf8;
/*!40101 SET character_set_client = @saved_cs_client */;

--
-- Dumping data for table `jnu_bus_station`
--

LOCK TABLES `jnu_bus_station` WRITE;
/*!40000 ALTER TABLE `jnu_bus_station` DISABLE KEYS */;
INSERT INTO `jnu_bus_station` VALUES (1,'정문(출발)'),(2,'제2도서관(해대 방면)'),(3,'해양과학대학(본관 방면)'),(4,'본관'),(5,'학생회관 남쪽'),(6,'인문대학 서쪽'),(7,'학생생활관'),(8,'인문대학 동쪽'),(9,'도서관'),(10,'의학전문대학원'),(11,'공대4호관'),(12,'해대4호관'),(13,'교양강의동'),(14,'해양과학대학(정문 방면)'),(15,'제2도서관(정문 방면)'),(16,'정문(종점)');
/*!40000 ALTER TABLE `jnu_bus_station` ENABLE KEYS */;
UNLOCK TABLES;
/*!40103 SET TIME_ZONE=@OLD_TIME_ZONE */;

/*!40101 SET SQL_MODE=@OLD_SQL_MODE */;
/*!40014 SET FOREIGN_KEY_CHECKS=@OLD_FOREIGN_KEY_CHECKS */;
/*!40014 SET UNIQUE_CHECKS=@OLD_UNIQUE_CHECKS */;
/*!40101 SET CHARACTER_SET_CLIENT=@OLD_CHARACTER_SET_CLIENT */;
/*!40101 SET CHARACTER_SET_RESULTS=@OLD_CHARACTER_SET_RESULTS */;
/*!40101 SET COLLATION_CONNECTION=@OLD_COLLATION_CONNECTION */;
/*!40111 SET SQL_NOTES=@OLD_SQL_NOTES */;

-- Dump completed on 2017-11-01 18:19:56
